[
  {
    "id": "1",
    "name": "Bakewell tart",
    "region": "British",
    "instructions": "To make the pastry, measure the flour into a bowl and rub in the butter with your fingertips until the mixture resembles fine breadcrumbs. Add the water, mixing to form a soft dough.\r\nRoll out the dough on a lightly floured work surface and use to line a 20cm/8in flan tin. Leave in the fridge to chill for 30 minutes.\r\nPreheat the oven to 200C/400F/Gas 6 (180C fan).\r\nLine the pastry case with foil and fill with baking beans. Bake blind for about 15 minutes, then remove the beans and foil and cook for a further five minutes to dry out the base.\r\nFor the filing, spread the base of the flan generously with raspberry jam.\r\nMelt the butter in a pan, take off the heat and then stir in the sugar. Add ground almonds, egg and almond extract. Pour into the flan tin and sprinkle over the flaked almonds.\r\nBake for about 35 minutes. If the almonds seem to be browning too quickly, cover the tart loosely with foil to prevent them burning.",
    "image": "https://www.themealdb.com/images/media/meals/wyrqqq1468233628.jpg",
    "ingredients": "plain flour , chilled butter , cold water , raspberry jam , flaked almonds"
  },
  {
    "id": "2",
    "name": "Bread and Butter Pudding",
    "region": "British",
    "instructions": "Grease a 1 litre/2 pint pie dish with butter.\r\nCut the crusts off the bread. Spread each slice with on one side with butter, then cut into triangles.\r\nArrange a layer of bread, buttered-side up, in the bottom of the dish, then add a layer of sultanas. Sprinkle with a little cinnamon, then repeat the layers of bread and sultanas, sprinkling with cinnamon, until you have used up all of the bread. Finish with a layer of bread, then set aside.\r\nGently warm the milk and cream in a pan over a low heat to scalding point. Don't let it boil.\r\nCrack the eggs into a bowl, add three quarters of the sugar and lightly whisk until pale.\r\nAdd the warm milk and cream mixture and stir well, then strain the custard into a bowl.\r\nPour the custard over the prepared bread layers and sprinkle with nutmeg and the remaining sugar and leave to stand for 30 minutes.\r\nPreheat the oven to 180C/355F/Gas 4.\r\nPlace the dish into the oven and bake for 30-40 minutes, or until the custard has set and the top is golden-brown.",
    "image": "https://www.themealdb.com/images/media/meals/xqwwpy1483908697.jpg",
    "ingredients": "butter , bread , sultanas , cinnamon , double cream , egg , sugar"
  },
  {
    "id": "3",
    "name": "Beef Wellington",
    "region": "British",
    "instructions": "Put the mushrooms into a food processor with some seasoning and pulse to a rough paste. Scrape the paste into a pan and cook over a high heat for about 10 mins, tossing frequently, to cook out the moisture from the mushrooms. Spread out on a plate to cool.\r\nHeat in a frying pan and add a little olive oil. Season the beef and sear in the hot pan for 30 secs only on each side. (You don't want to cook it at this stage, just colour it). Remove the beef from the pan and leave to cool, then brush all over with the mustard.\r\nLay a sheet of cling film on a work surface and arrange the Parma ham slices on it, in slightly overlapping rows. With a palette knife, spread the mushroom paste over the ham, then place the seared beef fillet in the middle. Keeping a tight hold of the cling film from the edge, neatly roll the Parma ham and mushrooms around the beef to form a tight barrel shape. Twist the ends of the cling film to secure. Chill for 15-20 mins to allow the beef to set and keep its shape.\r\nRoll out the puff pastry on a floured surface to a large rectangle, the thickness of a £1 coin. Remove the cling film from the beef, then lay in the centre. Brush the surrounding pastry with egg yolk. Fold the ends over, the wrap the pastry around the beef, cutting off any excess. Turn over, so the seam is underneath, and place on a baking sheet. Brush over all the pastry with egg and chill for about 15 mins to let the pastry rest.\r\nHeat the oven to 200C, 400F, gas 6.\r\nLightly score the pastry at 1cm intervals and glaze again with beaten egg yolk. Bake for 20 minutes, then lower the oven setting to 180C, 350F, gas 4 and cook for another 15 mins. Allow to rest for 10-15 mins before slicing and serving with the side dishes of your choice. The beef should still be pink in the centre when you serve it.",
    "image": "https://www.themealdb.com/images/media/meals/vvpprx1487325699.jpg",
    "ingredients": "mushrooms , English Mustard , Olive oil , Beef , Egg"
  },
  {
    "id": "4",
    "name": "Baingan Bharta",
    "region": "Indian",
    "instructions": "Rinse the baingan (eggplant or aubergine) in water. Pat dry with a kitchen napkin. Apply some oil all over and\r\nkeep it for roasting on an open flame. You can also grill the baingan or roast in the oven. But then you won't get\r\nthe smoky flavor of the baingan. Keep the eggplant turning after a 2 to 3 minutes on the flame, so that its evenly\r\ncooked. You could also embed some garlic cloves in the baingan and then roast it.\r\n2. Roast the aubergine till its completely cooked and tender. With a knife check the doneness. The knife should slid\r\neasily in aubergines without any resistance. Remove the baingan and immerse in a bowl of water till it cools\r\ndown.\r\n3. You can also do the dhungar technique of infusing charcoal smoky flavor in the baingan. This is an optional step.\r\nUse natural charcoal for this method. Heat a small piece of charcoal on flame till it becomes smoking hot and red.\r\n4. Make small cuts on the baingan with a knife. Place the red hot charcoal in the same plate where the roasted\r\naubergine is kept. Add a few drops of oil on the charcoal. The charcoal would begin to smoke.\r\n5. As soon as smoke begins to release from the charcoal, cover the entire plate tightly with a large bowl. Allow the\r\ncharcoal smoke to get infused for 1 to 2 minutes. The more you do, the more smoky the baingan bharta will\r\nbecome. I just keep for a minute. Alternatively, you can also do this dhungar method once the baingan bharta is\r\ncooked, just like the way we do for Dal Tadka.\r\n6. Peel the skin from the roasted and smoked eggplant.\r\n7. Chop the cooked eggplant finely or you can even mash it.\r\n8. In a kadai or pan, heat oil. Then add finely chopped onions and garlic.\r\n9. Saute the onions till translucent. Don't brown them.\r\n10. Add chopped green chilies and saute for a minute.\r\n11. Add the chopped tomatoes and mix it well.\r\n12. Bhuno (saute) the tomatoes till the oil starts separating from the mixture.\r\n13. Now add the red chili powder. Stir and mix well.\r\n14. Add the chopped cooked baingan.\r\n15. Stir and mix the chopped baingan very well with the onion­tomato masala mixture.\r\n16. Season with salt. Stir and saute for some more 4 to 5 minutes more.\r\n17. Finally stir in the coriander leaves with the baingan bharta or garnish it with them. Serve Baingan Bharta with\r\nphulkas, rotis or chapatis. It goes well even with bread, toasted or grilled bread and plain rice or jeera rice.",
    "image": "https://www.themealdb.com/images/media/meals/urtpqw1487341253.jpg",
    "ingredients": "Aubergine , Onion , Tomatoes , Garlic , Oil , Chili"
  },
  {
    "id": "5",
    "name": "Beef Brisket Pot Roast",
    "region": "American",
    "instructions": "1 Prepare the brisket for cooking: On one side of the brisket there should be a layer of fat, which you want. If there are any large chunks of fat, cut them off and discard them. Large pieces of fat will not be able to render out completely.\r\nUsing a sharp knife, score the fat in parallel lines, about 3/4-inch apart. Slice through the fat, not the beef. Repeat in the opposite direction to make a cross-hatch pattern.\r\nSalt the brisket well and let it sit at room temperature for 30 minutes.\r\n \r\n2 Sear the brisket: You'll need an oven-proof, thick-bottomed pot with a cover, or Dutch oven, that is just wide enough to hold the brisket roast with a little room for the onions.\r\nPat the brisket dry and place it, fatty side down, into the pot and place it on medium high heat. Cook for 5-8 minutes, lightly sizzling, until the fat side is nicely browned. (If the roast seems to be cooking too fast, turn the heat down to medium. You want a steady sizzle, not a raging sear.)\r\nTurn the brisket over and cook for a few minutes more to brown the other side.\r\n\r\n3 Sauté the onions and garlic: When the brisket has browned, remove it from the pot and set aside. There should be a couple tablespoons of fat rendered in the pot, if not, add some olive oil.\r\nAdd the chopped onions and increase the heat to high. Sprinkle a little salt on the onions. Sauté, stirring often, until the onions are lightly browned, 5-8 minutes. Stir in the garlic and cook 1-2 more minutes.\r\n \r\n4 Return brisket to pot, add herbs, stock, bring to simmer, cover, cook in oven: Preheat the oven to 300°F. Use kitchen twine to tie together the bay leaves, rosemary and thyme.\r\nMove the onions and garlic to the sides of the pot and nestle the brisket inside. Add the beef stock and the tied-up herbs. Bring the stock to a boil on the stovetop.\r\nCover the pot, place the pot in the 300°F oven and cook for 3 hours. Carefully flip the brisket every hour so it cooks evenly.\r\n \r\n5 Add carrots, continue to cook: After 3 hours, add the carrots. Cover the pot and cook for 1 hour more, or until the carrots are cooked through and the brisket is falling-apart tender.\r\n6 Remove brisket to cutting board, tent with foil: When the brisket is falling-apart tender, take the pot out of the oven and remove the brisket to a cutting board. Cover it with foil. Pull out and discard the herbs.\r\n7 Make sauce (optional): At this point you have two options. You can serve as is, or you can make a sauce with the drippings and some of the onions. If you serve as is, skip this step.\r\nTo make a sauce, remove the carrots and half of the onions, set aside and cover them with foil. Pour the ingredients that are remaining into the pot into a blender, and purée until smooth. If you want, add 1 tablespoon of mustard to the mix. Put into a small pot and keep warm.\r\n8 Slice the meat across the grain: Notice the lines of the muscle fibers of the roast. This is the 'grain' of the meat. Slice the meat perpendicular to these lines, or across the grain (cutting this way further tenderizes the meat), in 1/4-inch to 1/2-inch slices.\r\nServe with the onions, carrots and gravy. Serve with mashed, roasted or boiled potatoes, egg noodles or polenta.",
    "image": "https://www.themealdb.com/images/media/meals/ursuup1487348423.jpg",
    "ingredients": "Beef Brisket , Salt ,Onion , Mustard , Potatoes , beef stock"
  },
  {
    "id": "6",
    "name": "Braised Beef Chilli",
    "region": "Mexican 6",
    "instructions": "Preheat the oven to 120C/225F/gas mark 1.\r\n\r\nTake the meat out of the fridge to de-chill. Pulse the onions and garlic in a food processor until finely chopped. Heat 2 tbsp olive oil in a large casserole and sear the meat on all sides until golden.\r\n\r\nSet to one side and add another small slug of oil to brown the chorizo. Remove and add the onion and garlic, spices, herbs and chillies then cook until soft in the chorizo oil. Season with salt and pepper and add the vinegar, tomatoes, ketchup and sugar.\r\n\r\nPut all the meat back into the pot with 400ml water (or red wine if you prefer), bring up to a simmer and cook, covered, in the low oven.\r\n\r\nAfter 2 hours, check the meat and add the beans. Cook for a further hour and just before serving, pull the meat apart with a pair of forks.",
    "image": "https://www.themealdb.com/images/media/meals/uuqvwu1504629254.jpg",
    "ingredients": "Beef , Onions , Garlic , Oil , Cumin , Cinnamon , Ancho Chillies"
  },
  {
    "id": "7",
    "name": "Braised Beef Chilli",
    "region": "Mexican",
    "instructions": "Preheat the oven to 120C/225F/gas mark 1.\r\n\r\nTake the meat out of the fridge to de-chill. Pulse the onions and garlic in a food processor until finely chopped. Heat 2 tbsp olive oil in a large casserole and sear the meat on all sides until golden.\r\n\r\nSet to one side and add another small slug of oil to brown the chorizo. Remove and add the onion and garlic, spices, herbs and chillies then cook until soft in the chorizo oil. Season with salt and pepper and add the vinegar, tomatoes, ketchup and sugar.\r\n\r\nPut all the meat back into the pot with 400ml water (or red wine if you prefer), bring up to a simmer and cook, covered, in the low oven.\r\n\r\nAfter 2 hours, check the meat and add the beans. Cook for a further hour and just before serving, pull the meat apart with a pair of forks.",
    "image": "https://www.themealdb.com/images/media/meals/uuqvwu1504629254.jpg",
    "ingredients": "Beef , Onions , Garlic , Oil , Cumin , Cinnamon , Ancho Chillies"
  }
]
